{"cameraMode":{"drawMode":0,"name":"Shaded","section":"Shading Mode"},"sceneLighting":true,"audioPlay":false,"sceneViewState":{"m_AlwaysRefresh":false,"showFog":true,"showSkybox":true,"showFlares":true,"showImageEffects":true,"showParticleSystems":true,"showVisualEffectGraphs":true,"m_FxEnabled":true},"in2DMode":false,"pivot":{"x":111.95811462402344,"y":103.41783905029297,"z":123.14693450927735},"rotation":{"x":-0.10557965934276581,"y":0.4721203148365021,"z":-0.057076383382081988,"w":-0.8733282089233398},"size":2.7157480716705324,"orthographic":false}